indice,cultura,forma,param1,param2,area_m2,area_ha
,cafe,circulo,500.0,,785398.1633974483,78.53981633974483
,cafe,circulo,123.0,,47529.15525615998,4.7529155256159985
,soja,retangulo,12321.0,12.0,147852.0,14.7852
