cultura,n,media_area,desvio_area,minimo_area,maximo_area,total_ha
cafe,1,314.1592653589793,NA,314.1592653589793,314.1592653589793,0.03141592653589793
soja,2,225005000,318190980.46613455,10000,450000000,45001
